"corr_b.t1_gmax.t2","ang_b.t1_gmax.t2","form_trans"
0.0360467901868566,87.9342235241191,"NKLS to NKBS"
0.103114192099682,84.0814720539615,"NKBS to Tewkesbury"
-0.232988488545909,103.473080664893,"Tewkesbury to Upper Kai-Iwi"
-0.224266918457457,102.959774086814,"Upper Kai-Iwi to Tainui"
0.115984802469122,83.3395698043395,"Tainui to SHCSBSB"
0.056340304760848,86.7702281083827,"SHCSBSB to modern"
