"formation","correlation"
"NKLS","0.971575171251587"
"NKBS","0.959785840695434"
"Tewkesbury","0.975476098803461"
"Waipuru","0.947377818553749"
"Upper Kai-Iwi","0.95074742773086"
"Tainui","0.953834323139156"
"SHCSBSB","0.951621407914287"
