"formation","correlation"
"NKLS","0.95759968445854"
"NKBS","0.965675863687348"
"Tewkesbury","0.96644952169796"
"Upper Kai-Iwi","0.967719818664789"
"Tainui","0.94914795906919"
"SHCSBSB","0.969611586531959"
"modern","0.914650655865517"
