"formation","correlation"
"NKLS","0.957879679522548"
"NKBS","0.962007805710562"
"Tewkesbury","0.981587405388006"
"Upper Kai-Iwi","0.9710611163949"
"Tainui","0.970073256328905"
"SHCSBSB","0.943924140589109"
"modern","0.910743724168467"
