"formation","correlation"
"NKLS","0.963007325846575"
"NKBS","0.959502491112789"
"Tewkesbury","0.973562622893766"
"Upper Kai-Iwi","0.970937255406845"
"Tainui","0.978972136575921"
"SHCSBSB","0.962916184936155"
"modern","0.909838731257676"
