"formation","correlation"
"NKLS","0.952490192608378"
"NKBS","0.962457650173689"
"Tewkesbury","0.960171098117643"
"Upper Kai-Iwi","0.96509634989539"
"Tainui","0.940726078668313"
"SHCSBSB","0.95422609122544"
"modern","0.909906921186849"
