"formation","correlation"
"NKLS","0.962679214925307"
"NKBS","0.959841883640612"
"Tewkesbury","0.973536964751705"
"Upper Kai-Iwi","0.971156507749541"
"Tainui","0.979595527949877"
"SHCSBSB","0.963158476735532"
"modern","0.909238254438847"
