"formation","correlation"
"NKLS","0.957099741008273"
"NKBS","0.966519641219947"
"Tewkesbury","0.968294149986094"
"Upper Kai-Iwi","0.967765883953242"
"Tainui","0.962037484388559"
"SHCSBSB","0.962676251389781"
"modern","0.926541405902985"
