"formation","correlation"
"NKLS","0.952786690501187"
"NKBS","0.957404019792569"
"Tewkesbury","0.979145700057854"
"Upper Kai-Iwi","0.975353447395418"
"Tainui","0.972856179120682"
"SHCSBSB","0.956458892258109"
"modern","0.968124429060005"
