diff.form,diff.ln.zh,diff.ln.mpw.b,diff.ln.cw.m,diff.ln.cw.d,diff.ln.ow.m,diff.ln.oh,diff.ln.o.side,diff.ln.c.side,diff.zh,diff.mpw.b,diff.cw.m,diff.cw.d,diff.ow.m,diff.oh,diff.o.side,diff.c.side,diff.zh.per,diff.mpw.b.per,diff.cw.m.per,diff.cw.d.per,diff.ow.m.per,diff.oh.per,diff.o.side.per,diff.c.side.per
NKLS to NKBS,-0.029199273,-0.003788658,0.003032352,-0.005785457,-0.008742498,-0.000677206,-0.020165017,-0.044439222,-22.88606993,-0.654923374,1.180802892,-2.492419203,-3.749920362,-3.37E-05,-6.193820425,-15.25887653,2.877709371,0.378148976,0.303695414,0.576875332,0.870439366,0.067697681,1.996306268,4.346626555
NKBS to Tewkesbury,0.006231362,0.008724005,-0.036085167,-0.022821555,-0.002764311,0.009164101,-0.006335816,0.014437109,4.828141893,1.511798356,-13.82205435,-9.692271,-1.178890481,0.000457571,-1.920442851,4.883031422,0.625081749,0.876217051,3.544185853,2.256311308,0.276049369,0.920622019,0.631578742,1.454182781
Tewkesbury to Upper Kai-Iwi,0.168588547,0.257769462,0.283783797,0.225821419,0.148758969,-0.099274012,0.098033935,0.258774902,142.7250659,51.17737999,123.4386902,106.3749287,68.30811536,-0.004740384,31.12149149,100.6157509,18.36330297,29.40404592,32.81457509,25.33518201,16.03932642,9.450544223,10.30002144,29.53421927
Upper Kai-Iwi to Tainui,0.021817474,0.06460858,0.015644409,0.024259471,0.037055266,-0.016653385,0.06482328,-0.020736226,20.29164297,15.03190813,7.877546897,12.92254624,18.65574555,-0.000750125,22.31932765,-9.056484917,2.205721538,6.674139832,1.576742378,2.455612557,3.77503718,1.651548425,6.697045307,2.052270858
Tainui to SHCSBSB,-0.021920689,-0.099932468,-0.015239796,-0.011752628,-0.030556184,-0.004038815,-0.056913758,0.020430133,-20.38659138,-22.84889547,-7.675357374,-6.299548497,-15.43352364,-0.000180048,-19.67285868,8.921429606,2.168217679,9.510147436,1.512425769,1.168383513,3.009406242,0.403066961,5.532446318,2.064025657
SHCSBSB to modern,-0.030473392,0.082453183,-0.04403928,-0.039762199,0.00941861,0.039297735,0.04127365,-0.095487776,-27.60845383,18.68584609,-21.53368118,-20.77230317,4.707036383,0.001783138,14.15464877,-40.17629713,3.001375843,8.59478319,4.308363128,3.898205683,0.946310509,4.008010612,4.213724765,9.107052746