"angle_diff_Gmax_to_z","corr.diff_Gmax_to_z","angle.diff.time"
58.5461947973317,0.521810952717554,"NKLS to NKBS"
53.9128908733819,0.589014554265764,"NKBS to Tewkesbury"
20.283962553408,-0.937986007326058,"Tewkesbury to Upper Kai-Iwi"
28.9010807556182,-0.875455410812423,"Upper Kai-Iwi to Tainui"
39.5829635904994,0.770702741277763,"Tainui to SHCSBSB"
77.8191834896606,0.210997531058663,"SHCSBSB to modern"
