"formation","corr.diff_Glob_max_to_P","angle_diff_Glob_max_to_P"
"NKLS","0.401820625716145","66.3079559766478"
"NKBS","0.565634053415509","55.5536672987061"
"Tewkesbury","-0.937680728849645","159.665643049435"
"Upper Kai-Iwi","-0.760909989607715","139.544486366339"
"Tainui","0.66254309639895","48.5058866149738"
"SHCSBSB","0.148180351078633","81.4785100618638"
"modern","",""
