"corr.diff_Ps","angle_diff_Ps","angle.diff_Ps.time"
"0.993455055060972",6.55885127339397,"NKLS to NKBS"
"0.997058384233276",4.39579186178092,"NKBS to Tewkesbury"
"0.962235619650298",15.7962905208927,"Tewkesbury to Upper Kai-Iwi"
"0.972912203803735",13.3662540684058,"Upper Kai-Iwi to Tainui"
"0.984891946984704",9.97218162515609,"Tainui to SHCSBSB"
"0.88287727776305",28.0085802662014,"SHCSBSB to modern"
"",NA,""
