"formation","angle_diff_Pmax_to_z","corr.diff_Pmax_to_z"
"NKLS",89.4103613770847,-0.0102909537164122
"NKBS",48.1326245073423,0.667408632462846
"Tewkesbury",31.305843926343,-0.854405836943836
"Upper Kai-Iwi",39.943042593621,-0.766683055984877
"Tainui",48.3924175168395,0.66402516991137
"SHCSBSB",80.5641061964889,0.16394398313272
"modern",NA,NA
