"angle_diff_Gs","corr.diff_Gs","angle.diff_Gs.time"
10.786288655343,0.982332064469347,"NKLS to NKBS"
6.76030911668463,0.993047292607921,"NKBS to Tewkesbury"
16.4578712570731,0.959028307959605,"Tewkesbury to Upper Kai-Iwi"
15.0630141588473,0.965640591806319,"Upper Kai-Iwi to Tainui"
41.037662529253,0.754278166549066,"Tainui to SHCSBSB"
78.5059876245364,0.199265527510098,"SHCSBSB to modern"
