"diff.form","diff.ln.zh","diff.ln.mpw.b","diff.ln.cw.m","diff.ln.cw.d","diff.ln.ow.m","diff.ln.oh","diff.ln.o.side","diff.ln.c.side","diff.zh","diff.mpw.b","diff.cw.m","diff.cw.d","diff.ow.m","diff.oh","diff.o.side","diff.c.side"
"NKLS to NKBS","-0.032024357810033","0.00904401449722947","0.00830219047398639","-0.00118577728161817","-0.00354741983869378","-0.00485990954532856","-0.0219027413616573","-0.0450046993276185",0.968482991667162,1.00908503516693,1.0083367492289,0.998814925474464,0.996458864821423,0.995151880707479,0.978335381991299,0.955992989298286
"NKBS to Tewkesbury","0.00733780085681168","0.00855431259813333","-0.0378107514667914","-0.0232559906813146","-0.00273601984947813","0.00862733296485896","-0.00828756404882203","0.0171848641240624",1.00736478848709,1.00859100528242,0.962895150144037,0.977012345702106,0.997267719641612,1.00866465565645,0.991746683136226,1.01733337338571
"Tewkesbury to Upper Kai-Iwi","0.15630680872639","0.264330270177867","0.305723292269279","0.243185704606731","0.156904266592101","-0.106687607499858","0.101864615151684","0.240358472350417",1.16918486418597,1.30255832143673,1.35760659432912,1.27530543222335,1.16988361159483,0.898806409519443,1.10723355893278,1.27170493968135
"Upper Kai-Iwi to Tainui","0.0351071742653115","0.0624978074205718","-0.00126667586928697","0.00613105165078665","0.0223494821352093","-0.00760564327722735","0.0574401703495289","0.00052085754129827",1.035730706529,1.06449212493177,0.998734126025976,1.00614988501773,1.0226011028455,0.992423206441048,1.05912190186589,1.00052099321114
"Tainui to SHCSBSB","-0.0153160718652581","-0.117352015273179","-0.0192451101460698","-0.00922411262553524","-0.0250459235600919","-0.00367082007171549","-0.0484878043808266","0.0229405061911088",0.984800622636683,0.889272100698522,0.980938894697727,0.990818298997956,0.975265123353415,0.996335909151843,0.952668957622794,1.02320566333417
"SHCSBSB to modern","-0.0576916819469622","0.113777076544149","-0.0140231751891164","-0.019020874747862","0.0148520922391713","0.0253201611003919","0.0263989883380935","-0.118812523477594",0.943940936607644,1.12050231079307,0.986074691530596,0.981158880584787,1.01496293261846,1.02564343909628,1.02675052824613,0.887974259484065
