"formation","angle_diff_Gmax_to_P","corr.diff_Gmax_to_P"
"NKLS",83.1032807479838,"0.120079993497032"
"NKBS",53.739662401449,"-0.591455141612017"
"Tewkesbury",17.988150715389,"-0.951120403461372"
"Upper Kai-Iwi",33.310323600641,"-0.835708424418953"
"Tainui",45.4874648117667,"0.701065292676411"
"SHCSBSB",89.18003156246,"0.0143106604938574"
"modern",NA,""
