"","c.mean","c.min","c.max","e.mean","e.min","e.max","observed_e","observed_c"
"NKBS",-0.000142929782200424,-1.85034616983411,1.80832646336696,0.00678495955156951,0.000176507602361309,0.0241969100487722,"0.0170666544429597","-0.0245059181974208"
"Upper Kai-Iwi",-0.00061930202967573,-16.6110855422882,4.67240341474791,0.00659983822558107,4.37931183315804e-05,0.0254619185105466,"0.0188866942913623","0.00388765473088952"
"Waipuru",-0.000963777460461022,-6.48216650754426,2.60019785558274,0.00675083479557931,8.94165630826169e-05,0.0251790128222632,"0.00765938990910919","0.00196413364100808"
"NKLS",-0.00018238880782075,-6.71982283987114,1.20855055345673,0.00777831609684904,0.000203937287072891,0.0235626906142577,"0.0217403641104116","0.0148139731221103"
"Tewkesbury",-0.0175762957794176,-100.101392163415,10.0236362269155,0.0162511626679766,-0.00268748761551395,0.089469399165903,"0.0838686626075667","0.0281373433482856"
"SHCSBSB",-0.000853651024884435,-7.92685637686424,10.5713847615403,0.00694734698548157,-0.000231698635261885,0.0222712903161689,"0.0155822165272445","0.0187179973847157"
"Tainui",-0.000363216539610446,-1.92601968917169,1.73305584339355,0.00521825865161126,-4.23266648243999e-05,0.0197199924557022,"",""
