"","c.mean","c.min","c.max","e.mean","e.min","e.max","observed_e_glob","observed_c_glob"
"NKLS","0.00224543291273695","0.00111544708087083","0.0156606493222044","0.00660373971734364","0.00116861407173197","0.0238235907961326","0.0224472035395053","0.0166217599407417"
"NKBS","","","","","","","0.0154588661541426","0.00520204157797986"
"Tewkesbury","","","","","","","0.0115115516961127","0.00296358398846582"
"Waipuru","","","","","","","0.0239232323609676","0.020161957173637"
"Upper Kai-Iwi","","","","","","","0.0134543137390892","0.00564006438658381"
"Tainui","","","","","","","0.0129471185588316","0.00574781560868933"
"SHCSBSB","","","","","","","0.0071274477548114","0.00369896047183453"
"modern","","","","","","","",""
