"","c.mean","c.min","c.max","e.mean","e.min","e.max","observed_e","observed_c","formation","form.trans"
"NKLS",0.00174969339460997,0.000804972087593659,0.0136748726907336,0.00699369259696062,0.000850559197733565,0.0245854973497074,"0.0159821092997595","0.0104863772326082","NKLS","NKLS to NKBS"
"NKBS",0.00260015670378683,0.00135820491267998,0.0175196153574139,0.00705572065401711,0.00140311140153883,0.0257805200953381,"0.0163970459364108","0.00489590223474422","NKBS","NKBS to Tewkesbury"
"Tewkesbury",0.00303150995124265,0.00162478056509838,0.020193535410139,0.00743296691275374,0.00169207062264287,0.0255665697876179,"0.010682302958583","0.00343297097638303","Tewkesbury","Tewkesbury to Waipuru"
"Waipuru",0.00439509867456367,0.00255737688950357,0.0177361370029246,0.007563085156689,0.0025822220408465,0.0222053722645706,"0.0125095943140222","0.0110705724870203","Waipuru","Waipuru to Upper Kai-Iwi"
"Upper Kai-Iwi",0.00442281284085087,0.00260518605141754,0.0281900007920519,0.0103360430499896,0.0026352226049145,0.0385244900842707,"0.0319209664221553","0.0168091600074291","Upper Kai-Iwi","Upper Kai-Iwi to Tainui"
"Tainui",0.00395066375922455,0.0021654864630263,0.0173931200147156,0.00756977042887495,0.00220686842464731,0.0216344922815757,"0.0175547484321748","0.010560670515251","Tainui","Tainui to SHCSBSB"
"SHCSBSB",0.00222583169834491,0.00117344812277553,0.0110649516237122,0.00574056217717065,0.00119437084762195,0.0191902393097209,"0.00669307449632281","0.00335853053338302","SHCSBSB","SHCSBSB to modern"
"modern",0.00434784719822966,0.00255817179845062,0.0228986309136812,0.00918012960774612,0.00258068462694807,0.0361336899517931,"","","modern",""
