"c.mean","c.min","c.max","e.mean","e.min","e.max"
-0.000703038890505438,-5.11258041281711,2.48719609047476,0.00686177640495947,0.000208857455312427,0.0236555900166334
0.00393073054335534,-5.36261031936153,29.2281545254632,0.00668022358733761,0.000130038380114222,0.0255936989753319
0.0007653182229232,-1.1302855570439,1.23297215326307,0.00681465257068221,8.24289883098293e-05,0.0257400469317736
0.00374309716700181,-18.0269186712734,28.6273749657223,0.00790383466279302,0.000154993461609587,0.0224088916412687
-0.00292117684588606,-31.179208264045,20.5741370671629,0.0163648081158905,-0.00255380391592921,0.0911403449339233
0.00841176744703183,-8.46353236287936,78.6331706260696,0.00705115122016636,-0.000264179459201448,0.0221812165248844
-0.0001475109511344,-0.681871158187671,1.39864883639844,0.00528432054986587,-0.000199373768284544,0.0192282421907199
