"","c.mean","c.min","c.max","e.mean","e.min","e.max","observed_e","observed_c"
"NKLS",0.0014366952408124,0.000511506645103904,0.0118043673848226,0.00686251002187386,0.000585727384017023,0.023887255299117,"0.016218281972984","0.00979781523630648"
"NKBS",0.000773464602935075,0.000230885513437751,0.00956607157291285,0.00661324901741821,0.000299009310075145,0.0264470186149919,"0.0252531478952141","0.00949251047636167"
"Tewkesbury",0.0015201794551762,0.000654432976437069,0.0144366723892599,0.0067691665343887,0.000693875859542293,0.0260642430999822,"0.0108521862299055","0.00416480938921513"
"Waipuru",0.00275560326826713,0.00121786807500142,0.0158841008955424,0.00823646553367805,0.00134657895320349,0.0258483259494832,"0.0252843296207254","0.0202550955578276"
"Upper Kai-Iwi",0.00280326091977477,0.00132988748060315,0.0230276740006204,0.0165170641778241,0.00136887602705844,0.0925494167159193,"0.0847916131613733","0.0142603504018875"
"Tainui",0.00305797189014845,-4.88036674036101,9.57011753083875,0.00657191178566431,-0.000783508534002632,0.022467218138456,"0.018612810976038","0.0152908309846249"
"SHCSBSB",0.00103098517394735,0.000358558060195938,0.00849878436940749,0.0056997846954148,0.000449680809126434,0.0204733156590944,"",""
