"","c.mean","c.min","c.max","e.mean","e.min","e.max","observed_e","observed_c"
"NKLS",0.00156909917301447,0.000689277472890445,0.0112788335858415,0.00701522909611767,0.000713853788791279,0.0235823803461723,"0.0160842343922008","0.00916751291764289"
"NKBS",0.00255682898815639,0.00132981182958852,0.0136603447475976,0.00699813486989762,0.00139138963972117,0.0245253805628293,"0.0131535784469663","0.00484553559173809"
"Tewkesbury",0.00267424406391391,0.00136992615989349,0.0148806634417589,0.00691982495958588,0.00137821037185235,0.0226814992466884,"0.023839173664135","0.0162619541814841"
"Upper Kai-Iwi",0.00386246906692622,0.00217903546381116,0.0314015245404299,0.011016383348227,0.00219264781422834,0.0456216297473311,"0.0373711293313866","0.0161932579937328"
"Tainui",0.00301932723669689,0.00154858604022797,0.0160005913495756,0.00734314572355605,0.00158706201879167,0.021194413214945,"0.016712336669325","0.0111611706896397"
"SHCSBSB",0.00276535339076319,0.00157178447379706,0.0120633010190858,0.00589428048760992,0.0015793712050815,0.0188742576392366,"0.00620904553129952","0.00394735553739082"
"modern",0.00438792833512216,0.0028404005936528,0.0283614783986288,0.00896293060948605,0.0028550859301462,0.0388447751235426,"",""
