"","c.mean","c.min","c.max","e.mean","e.min","e.max","observed_e","observed_c"
"NKLS",0.00195585799227261,0.000798899047783458,0.0123524770821998,0.00698909292943386,0.000831188930166251,0.023925616628771,"0.00247514737596278","0.00101733562244574"
"NKBS",0.000921238066875327,0.000326314747549178,0.010255737791318,0.00668103224797845,0.000408345703679732,0.0259152667539664,"0.0053735190130287","0.000616277180456771"
"Tewkesbury",0.00130069972222231,0.000468873843664232,0.0125193918713055,0.00689669202582507,0.000546149887909469,0.0258955035128976,"0.00771631607479993","0.000858435044050988"
"Waipuru",0.00173452045891634,0.000582020442810996,0.016493682048891,0.00794014062461641,0.000743030514788336,0.0231851540164906,"0.0124064819709223","0.00186921209475688"
"Upper Kai-Iwi",0.00188173059865828,0.000659081859020215,0.023181008113335,0.017250392413522,0.000771336580142626,0.09329891045723,"0.0290990506666386","0.00111631860387054"
"Tainui",0.00201126601893168,0.000749837285827093,0.0140783729682374,0.00726688096381904,0.000846436796189536,0.0229174200122196,"0.0102887180726027","0.00157571877923038"
"SHCSBSB",0.00132952112435749,0.000562860830619175,0.009594460754545,0.00540069114289752,0.000640709342049807,0.019445930279996,"",""
