"","c.mean","c.min","c.max","e.mean","e.min","e.max","observed_e","observed_c"
"NKBS",0.00195335518703586,0.000802030139220893,0.012195953914442,0.00695184488586698,0.000900155783921317,0.0223858394911073,"0.0170666544429597","-0.0245059181974208"
"Upper Kai-Iwi",0.000917723338788758,0.000323293451016306,0.0106082367770231,0.00662141582218115,0.000397597760172586,0.0246715668324859,"0.0188866942913623","0.00388765473088952"
"Waipuru",0.00129383424468437,0.000457636678477473,0.0109268603828983,0.00684047880640528,0.000502438592960731,0.0243763393750724,"0.00765938990910919","0.00196413364100808"
"NKLS",0.00172236146346433,0.00058665483218908,0.0150383599706949,0.00791150247216582,0.000692149041378117,0.0225436028868423,"0.0217403641104116","0.0148139731221103"
"Tewkesbury",0.00186276452538458,0.000653411868308062,0.0267516184139055,0.0170049149901168,0.000779669839029052,0.0888791547952508,"0.0838686626075667","0.0281373433482856"
"SHCSBSB",0.0019883271813522,0.000742288043997153,0.0147187240035224,0.0072158424906969,0.000846665587525709,0.021923624322589,"0.0155822165272445","0.0187179973847157"
"Tainui",0.00132531572918202,0.000560027745237246,0.00876778859837562,0.00537571416373571,0.000603995083540348,0.0189729488300525,"",""
