"","c.mean","c.min","c.max","e.mean","e.min","e.max","observed_e_glob","observed_c_glob"
"NKLS","0.00228615116429787","0.00113563915755646","0.0154214964950749","0.0065232253403037","0.00116521881399182","0.0224903628209241","0.0127722974301195","0.00995058291214727"
"NKBS","","","","","","","0.0113420560330976","0.00499287472962101"
"Tewkesbury","","","","","","","0.0226978372962048","0.013864609433294"
"Upper Kai-Iwi","","","","","","","0.0135185629238724","0.00509292024582367"
"Tainui","","","","","","","0.013065686640651","0.00565161956070061"
"SHCSBSB","","","","","","","0.00711636079102587","0.00351348650653302"
"modern","","","","","","","",""
