"","c.mean","c.min","c.max","e.mean","e.min","e.max","observed_e","observed_c"
"NKLS","0.00224543291273695","0.00111544708087083","0.0156606493222044","0.00660373971734364","0.00116861407173197","0.0238235907961326",0.0224472035395053,0.0166217599407417
"NKBS","","","","","","",0.0209384651315887,0.013254670961011
"Tewkesbury","","","","","","",0.0232829204314483,0.0116797463701726
"Waipuru","","","","","","",0.00497909975427092,0.00254243691268344
"Upper Kai-Iwi","","","","","","",0.022551298192457,0.0128907215248679
"Tainui","","","","","","",0.0228278178188084,0.0157791515085085
"SHCSBSB","","","","","","",0.021925922194564,0.0128491511707645
"modern","","","","","","",0.0233953006982767,0.0172521437801967
