"","c.mean","c.min","c.max","e.mean","e.min","e.max","observed_e_glob","observed_c_glob"
"NKLS","0.00227735995331733","0.00114466219078343","0.0132984535545877","0.00664059710888656","0.00117955514819446","0.023144004056703","0.01418432591224","0.0101338958744943"
"NKBS","","","","","","","0.0117044639496918","0.00474810686775913"
"Tewkesbury","","","","","","","0.0229765622839975","0.0134801852776064"
"Upper Kai-Iwi","","","","","","","0.0163841323304734","0.00530279514809862"
"Tainui","","","","","","","0.0133902556852862","0.00520573947737023"
"SHCSBSB","","","","","","","0.00524123994535423","0.00292234621593457"
"modern","","","","","","","",""
