"","c.mean","c.min","c.max","e.mean","e.min","e.max","observed_e","observed_c"
"NKLS",0.00236470654221193,0.0011645559303647,0.0117197581414272,0.00705956851392616,0.001179011897831,0.0230943487444001,"0.0161428988533704","0.0121129972879151"
"NKBS",0.00198055069284131,0.000962002473716619,0.0119787218540887,0.00671887159844797,0.000980247000334711,0.0244116729576187,"0.0145328818221979","0.00467031847812282"
"Tewkesbury",0.00278914736880344,0.00147543651919157,0.0137128030483935,0.0069923151486091,0.00148955622934127,0.0241895453275048,"0.0230628769047048","0.013618150854622"
"Upper Kai-Iwi",0.00451222299589132,0.00291552981334152,0.0233761327529423,0.0104791713119886,0.00294286898596299,0.036852766364735,"0.0283722363540252","0.0114265289913358"
"Tainui",0.00405880140061572,0.00226777966006946,0.0236429534716729,0.00874420400284935,0.00229195475237847,0.0296240259829853,"0.0213978684378782","0.0108682745461683"
"SHCSBSB",0.00159818091762025,0.000797269759645013,0.00941815343807898,0.0051544961374219,0.000811870542395451,0.018042967751107,"0.00570001375831869","0.00249999347322879"
"modern",0.00372897496217673,0.00211021731892603,0.0210898745751689,0.00887004918348396,0.00214106820023364,0.0353524599911857,"",""
