"traits","p.vals"
"ln.zh","1.57422860796619e-17"
"ln.mpw.b","8.37376570737067e-10"
"ln.cw.m","0.0875538950301619"
"ln.cw.d","7.5029173299243e-05"
"ln.ow.m","1.12755321858661e-17"
"ln.oh","3.32988900442463e-20"
"ln.c.side","0.00252860237731113"
"ln.o.side","1.45694316409215e-25"
