"traits","p.vals"
"ln.zh","4.02916410425283e-17"
"ln.mpw.b","1.26894021185808e-09"
"ln.cw.m","0.0067489597546159"
"ln.cw.d","0.0959705032498025"
"ln.ow.m","8.56531754105263e-16"
"ln.oh","8.44444439621277e-20"
"ln.c.side","0.000413339593685074"
"ln.o.side","1.93721127835388e-25"
