"formation","p.val.zh","p.val.mpw.b","p.val.cw.m","p.val.cw.d","p.val.ow.m","p.val.oh","p.val.c.side","p.val.o.side"
"NKLS",8.63655472494037e-15,0.00152243190326097,1.63796862568879e-05,4.93745696233235e-07,2.3869728059557e-06,5.6161810470257e-09,9.25869370925296e-05,1.22532148034626e-16
"NKBS",6.46200979732418e-12,3.5939197455943e-05,0.000112758488613344,4.62829674886856e-07,4.32828663981741e-15,1.65621419267602e-13,0.000796014325184491,7.797874860419e-20
"Tewkesbury",1.41429909195071e-15,2.44574326866606e-14,5.27252876061456e-07,1.8576839466523e-11,1.3130567626694e-19,2.07508537870122e-17,0.190861592559064,2.07510531689973e-18
"Upper Kai-Iwi",0.00183067487462499,0.00966060374217867,0.290972672812942,0.181820755476456,6.12316650330245e-05,0.0787248779819606,0.18698817504916,1.26082129816165e-06
"Tainui",0.000193889841344935,0.0260306566092409,0.0180281075414433,0.00846694954453215,2.41081263073074e-07,0.134867245642145,0.000235322326963196,0.387012162125943
"SHCSBSB",5.69317508748933e-11,0.00630473924980804,0.00081135436843039,7.24710222142062e-06,4.17582288901479e-12,4.12432679574115e-09,1.14955900471252e-07,1.39111001295921e-10
"modern",0.00022464231091172,0.00105717922665358,0.0273096152290736,0.0101725847261541,0.5175955109681,0.799779777648532,0.347374087377331,1.55875154130113e-05
