"formation","p.val.zh","p.val.mpw.b","p.val.cw.m","p.val.cw.d","p.val.ow.m","p.val.oh","p.val.c.side","p.val.o.side"
"NKLS",2.27984872854775e-09,0.0203317205626532,0.00763540750142143,0.000117741643667273,0.0169990747595113,4.24421721185506e-06,1.81138162225054e-05,1.3643232633076e-10
"NKBS",6.85217927743824e-12,1.71777709090489e-05,0.000442348354934833,1.16193145441973e-06,1.01003684375451e-14,4.8076451010632e-13,0.000308503557947391,1.69927384676526e-19
"Tewkesbury",7.4578167761622e-15,6.17830320008879e-14,9.2398272781213e-06,1.62929555486588e-10,1.81225361111891e-18,3.36384743622332e-17,0.534789912409646,2.23529810632707e-17
"Waipuru",0.00063786690844044,0.00227556323999427,0.0123387007453841,0.00160956752641683,0.00698391852169376,1.83998422057408e-05,0.287009767965616,1.3356525460864e-07
"Upper Kai-Iwi",0.0275652151052265,0.0933425332036749,0.0076568290569354,0.0303846583648644,0.0142395843745982,0.182512818894258,0.0081547689135116,0.000511646543449048
"Tainui",1.78898660824666e-05,0.0059302004093411,0.0733376508037809,0.0977328937091175,0.000765903176919341,0.969225300460818,6.23581957200964e-05,0.629355117076444
"SHCSBSB",1.28359404836767e-11,0.0584587020313271,0.000663615245117556,1.51817364769626e-06,4.04176643741495e-08,1.94864990336654e-08,1.28888647748583e-07,6.35566954625946e-08
"modern",0.509353196649915,5.22854183363236e-05,0.319700042178874,0.0540202867339756,0.681851196426463,0.949851922850614,0.95473978141622,0.0166340457684788
