"traits","p.vals"
"ln.zh","9.53648388685885e-18"
"ln.mpw.b","1.21203402323517e-07"
"ln.cw.m","0.00356282066609998"
"ln.cw.d","2.62160287849956e-05"
"ln.ow.m","1.63429298628468e-17"
"ln.oh","1.4068461080212e-18"
"ln.c.side","0.000776368839760997"
"ln.o.side","3.3373007403978e-24"
