"traits","p.vals"
"ln.zh","9.6269063941575e-17"
"ln.mpw.b","2.58227915655361e-08"
"ln.cw.m","0.0478245146326137"
"ln.cw.d","0.000263667228384537"
"ln.ow.m","5.57518980121616e-17"
"ln.oh","6.30469495283839e-21"
"ln.c.side","0.00104111547951337"
"ln.o.side","8.81398368167172e-24"
