"traits","p.vals"
"ln.zh","3.24337401592575e-15"
"ln.mpw.b","1.12329612727427e-08"
"ln.cw.m","0.00256514711875544"
"ln.cw.d","0.000125542925441429"
"ln.ow.m","5.27513425274201e-17"
"ln.oh","4.51661064788057e-21"
"ln.c.side","0.00223888824601725"
"ln.o.side","7.03361135598858e-25"
