"traits","p.vals"
"ln.zh","1.25325988172084e-13"
"ln.mpw.b","2.75178158847065e-10"
"ln.cw.m","0.0416688483513891"
"ln.cw.d","0.000456968210115366"
"ln.ow.m","2.71785412565675e-15"
"ln.oh","4.57011209943584e-20"
"ln.c.side","0.00534143718099715"
"ln.o.side","6.5695794667408e-24"
