"traits","p.vals"
"ln.zh","7.89175348916258e-19"
"ln.mpw.b","1.29043010661953e-07"
"ln.cw.m","0.0199366200060934"
"ln.cw.d","0.000453015612141145"
"ln.ow.m","1.73107910056418e-19"
"ln.oh","4.65905161629648e-21"
"ln.c.side","0.000126910114393392"
"ln.o.side","2.90704607089295e-26"
