"formation","p.val.zh","p.val.mpw.b","p.val.cw.m","p.val.cw.d","p.val.ow.m","p.val.oh","p.val.c.side","p.val.o.side"
"NKLS",2.27984872854775e-09,0.0203317205626532,0.00763540750142143,0.000117741643667273,0.0169990747595113,4.24421721185506e-06,1.81138162225054e-05,1.3643232633076e-10
"NKBS",5.40528082452044e-12,1.0891059682323e-05,0.0003854702633403,6.84285939523128e-07,5.34540756476765e-15,1.42355467734409e-13,0.000627406485378553,1.33377402061358e-19
"Tewkesbury",7.39554546275034e-16,2.24465643916021e-14,4.88235117180452e-07,1.58666325764537e-11,2.5104991933928e-19,1.07092532193252e-17,0.474195520029499,8.190216429884e-19
"Upper Kai-Iwi",5.95431691726839e-05,0.0163986557238978,0.125306465917137,0.0223224869449624,1.34541731626516e-05,0.127592895662993,0.179203178733831,0.00194068973818421
"Tainui",1.78898660824666e-05,0.0059302004093411,0.0733376508037809,0.0977328937091175,0.000765903176919341,0.969225300460818,6.23581957200964e-05,0.629355117076444
"SHCSBSB",1.28359404836767e-11,0.0584587020313271,0.000663615245117556,1.51817364769626e-06,4.04176643741495e-08,1.94864990336654e-08,1.28888647748583e-07,6.35566954625946e-08
"modern",0.509353196649915,5.22854183363236e-05,0.319700042178874,0.0540202867339756,0.681851196426463,0.949851922850614,0.95473978141622,0.0166340457684788
