"traits","p.vals"
"ln.zh","1.50237645990699e-17"
"ln.mpw.b","9.46844467762713e-09"
"ln.cw.m","0.0567623434547145"
"ln.cw.d","0.000136474273348557"
"ln.ow.m","2.59583410746825e-17"
"ln.oh","7.85428207709407e-21"
"ln.c.side","0.00104335508460052"
"ln.o.side","3.28149638294437e-22"
