"traits","p.vals"
"ln.zh","2.00700383723245e-15"
"ln.mpw.b","4.81532198789298e-10"
"ln.cw.m","0.0231202616263018"
"ln.cw.d","4.34019877795456e-05"
"ln.ow.m","9.87064745147647e-14"
"ln.oh","2.43568656959242e-20"
"ln.c.side","0.00237719385982619"
"ln.o.side","1.78263334446974e-24"
