"formation","p.val.zh","p.val.mpw.b","p.val.cw.m","p.val.cw.d","p.val.ow.m","p.val.oh","p.val.c.side","p.val.o.side"
"NKLS",2.27984872854633e-09,0.0203317205626533,0.00763540750142143,0.000117741643667316,0.0169990747595067,3.65873772464012e-06,1.81138162225096e-05,1.36432326330803e-10
"NKBS",5.16451532435605e-12,1.66897851400293e-06,1.74828814835924e-05,2.73972199864052e-08,1.6817545477719e-15,2.21388954334235e-14,0.00240661878828899,4.16688952273209e-21
"Tewkesbury",7.39554546274746e-16,2.2446564391595e-14,4.88235117180452e-07,1.58666325764446e-11,2.51049919339502e-19,1.45705455840831e-17,0.474195520029779,8.19021642988257e-19
"Upper Kai-Iwi",0.000562178020812231,0.0137782401673112,0.246897896966139,0.214149411311715,4.56624185922686e-05,0.109870669749248,0.16075973109831,1.26859746984635e-06
"Tainui",2.87196576794698e-05,0.0110852583356658,0.00477891716724179,0.042553108386339,0.0010488982571484,0.26454735976492,0.000141911297517461,0.868026013831429
"SHCSBSB",6.60236836275654e-11,0.0106435144342489,0.000571279090811894,3.17472549498958e-06,1.0478370089938e-07,3.36432070149542e-09,5.16150490009224e-07,1.93928575437553e-08
"modern",0.513361157748671,2.08529472873987e-05,0.301447959782982,0.0338239985738498,0.81449416956684,0.904337343197992,0.944306975987172,0.0135528201348617
