"traits","p.vals"
"ln.zh","3.27864411802471e-18"
"ln.mpw.b","1.88145116551114e-10"
"ln.cw.m","0.0208203949880863"
"ln.cw.d","0.000117631779980328"
"ln.ow.m","2.62083745882352e-17"
"ln.oh","3.2314909346717e-19"
"ln.c.side","0.00294112354921317"
"ln.o.side","1.06606446602042e-21"
