"","p_c.mean","p_c.min","p_c.max","p_e.mean","p_e.min","p_e.max","p_observed_e","p_observed_c"
"NKLS",0.00896293164760293,0.00507995779280038,0.0442682132390896,0.0200742554884124,0.00514728686569168,0.0652375844735104,"0.0378889200284733","0.0273666750149731"
"NKBS",0.0105549120586682,0.00635390519076443,0.0503682354950485,0.0217318040706428,0.00645956234129633,0.075435929318581,"0.0522181407626284","0.0210118067461935"
"Tewkesbury",0.0102709153281004,0.0059521196980883,0.0567636916013623,0.0235135404834989,0.00609155390554043,0.0858844218615638,"0.0351115963213315","0.0118919089862842"
"Waipuru",0.00764170460406177,0.00417420281443622,0.032962214421511,0.0155424921925926,0.00427334264143205,0.0411588667524601,"0.0381009615959921","0.0328138187676404"
"Upper Kai-Iwi",0.00824989731244212,0.00489453488305491,0.0431272850700413,0.0180976142603739,0.00493381000800194,0.0657465420128248,"0.0468638540470978","0.0261947391850014"
"Tainui",0.00840009166937932,0.00506845000436842,0.0381198664555365,0.0161354180728774,0.00515101694239876,0.0477033263013106,"0.0304933212634298","0.0180719886803458"
"SHCSBSB",0.00909778085980749,0.00570634960408801,0.0378583159319152,0.0164555123648772,0.0057543234218267,0.0515243895103885,"0.0144478540503455","0.0114828965929881"
"modern",0.0100812876374735,0.0062597107548963,0.0365906079403922,0.0185707888438939,0.00633736800083134,0.0621333745625022,"",""
