"","p_c.mean","p_c.min","p_c.max","p_e.mean","p_e.min","p_e.max","p_observed_e","p_observed_c"
"NKLS",0.0095749767048721,0.00557226879283714,0.0459063257550897,0.0199239722703885,0.00565096534239301,0.0659368270188847,"0.0341942435595239","0.0260712836636726"
"NKBS",0.0104599110250232,0.00624560709392964,0.0509039040795684,0.0216003481242948,0.00633439164791057,0.0755305356695954,"0.0420485816104523","0.0178442299955182"
"Tewkesbury",0.0109013941406627,0.00644401372130127,0.0542505873399569,0.0234437460923458,0.00653231479310823,0.0803569509993941,"0.0732721393274808","0.0509328241113233"
"Upper Kai-Iwi",0.00894900860854996,0.00537020337625308,0.0387286610143688,0.0182847106531351,0.00543761298972038,0.0607074373200172,"0.047576467600182","0.0263152579152952"
"Tainui",0.00869509800733587,0.00513296584248133,0.0384673422588001,0.017864370722475,0.00522403454690308,0.0597043350119151,"0.0381154543971449","0.0188184681403231"
"SHCSBSB",0.00882053047808825,0.00549118055388113,0.038029064826001,0.0163296314186396,0.00556468232402357,0.05022109877554,"0.0120652001195758","0.0099553685887592"
"modern",0.00998200977198342,0.00608190497199216,0.0483408941481153,0.0202181298383609,0.0061073936319953,0.0754145877720503,"",""
