"","p_c.mean","p_c.min","p_c.max","p_e.mean","p_e.min","p_e.max","p_observed_e","p_observed_c"
"NKLS",0.00897791968218869,0.00506812113410162,0.0488665546069605,0.0201531075207393,0.00518878048258038,0.0665593114026494,"0.0378328319138796","0.0273301777871514"
"NKBS",0.0105764425545044,0.00632621440033526,0.0512480926988784,0.0217933150591378,0.00640817743571291,0.0753114576447836,"0.0408266373804332","0.017466785909787"
"Tewkesbury",0.0108857594462732,0.00642403935861485,0.0521184558031829,0.0233135052006302,0.00652512717932265,0.0796078985195454,"0.0736813889721676","0.0548726167410124"
"Upper Kai-Iwi",0.00825536930291621,0.00490349032349945,0.0432732563055556,0.0180599499620216,0.00498371187548317,0.063654115700108,"0.0468638540470978","0.0261947391850014"
"Tainui",0.00839554727242304,0.00506342621626836,0.0376065280388752,0.0161490719499903,0.00513452761246203,0.0489176441875228,"0.0304933212634298","0.0180719886803458"
"SHCSBSB",0.00910234806499817,0.00569999960986722,0.0385321393747098,0.0164943962499554,0.00577151768387007,0.0522864693781448,"0.0144478540503455","0.0114828965929881"
"modern",0.0101189968494189,0.00625760639060797,0.0483064925493367,0.0186714585601959,0.00631340218448497,0.0659872243306264,"",""
