"","p_c.mean","p_c.min","p_c.max","p_e.mean","p_e.min","p_e.max","p_observed_e","p_observed_c","formation","form.trans"
"NKLS",0.00888687992096841,0.00504019275731175,0.0439910215635275,0.0200722199919094,0.0052153398865636,0.0649069599894146,"0.039184267924505","0.0282053261061348","NKLS","NKLS to NKBS"
"NKBS",0.0103823567258778,0.00625593321930652,0.0451526121697296,0.021416401017538,0.00637224397690613,0.0723918256913973,"0.0455507415208886","0.0191236946116212","NKBS","NKBS to Tewkesbury"
"Tewkesbury",0.0108099669271557,0.00641035763694076,0.0500271938468828,0.0232618795794336,0.00652419705830317,0.0774437435968895,"0.0711689819678627","0.049821079664668","Tewkesbury","Tewkesbury to Upper Kai-Iwi"
"Upper Kai-Iwi",0.00888521583501784,0.00529211246600494,0.0471337634385296,0.0186000766450464,0.00535839844189971,0.0600782282025868,"0.0400495320030571","0.0213280620009922","Upper Kai-Iwi","Upper Kai-Iwi to Tainui"
"Tainui",0.00844895338794435,0.00501208566310909,0.0364699336158496,0.0170641635465263,0.00508824090489092,0.0545637964514085,"0.0333879039748747","0.0181679896402774","Tainui","Tainui to SHCSBSB"
"SHCSBSB",0.00847554001496364,0.00520186182602405,0.0350992740282463,0.0159357229368537,0.00524223021469615,0.0465778079318831,"0.0146338712943707","0.0110686761223585","SHCSBSB","SHCSBSB to modern"
"modern",0.0105005822448791,0.00666451489149492,0.0445333100092962,0.0186806858988203,0.00676131936252809,0.0644753922480674,"","","modern",""
